Ambient_Temperature,Solar_Irradiance,Battery_Health,Battery_Discharge_Rate,Cold_Storage_Temp
32.49080237694725,185.13292883861965,70.46822734943623,14.954357871099525,5.466261537979448
44.01428612819832,541.9009473783582,69.87915196287999,13.06955510778963,5.240313601568539
39.6398788362281,872.9458358764083,96.25018322084146,8.64427893549451,4.3728161346986845
36.97316968394073,732.2248864095612,69.98184799398024,8.71393315989685,4.1110175691378075
28.12037280884873,806.5611478614497,70.87798904514524,9.590000087299387,4.035285141796817
28.119890406724053,658.7833667107174,90.37593049671855,8.846573921519076,4.140677893161539
26.161672243363988,692.2765645178524,77.9895936980216,8.332431328913577,3.849675055283254
42.3235229154987,849.1956515653193,91.06842227820725,8.875224890769179,4.446462536112746
37.022300234864176,249.66800885918593,62.61464630257541,12.538364409283123,4.996531947445173
39.161451555920905,489.4249636431405,79.50284774693537,12.217484901699287,5.060953212805899
25.411689885916047,221.20944181960223,61.34454400733131,12.18312854320447,4.622291309020183
44.39819704323989,987.668007996647,62.50612813821418,7.948462888461367,3.9740397789999937
41.648852816008436,944.0593396866133,96.25749813377644,6.110153527521394,3.889852124183617
29.246782213565524,39.426811368505895,65.56981484470381,16.02839700743455,5.60602316293925
28.636499344142013,705.5751725156885,81.29682729100868,8.097673782928311,3.894821943437166
28.668090197068675,925.2483174156658,76.44382410402827,8.749720789038001,3.889653417005402
31.084844859190753,180.57534512733352,73.8937330503537,13.055090506514238,5.08593126009441
35.49512863264476,567.9452305526295,95.9933338274909,8.208828942528843,4.29739437900839
33.638900372842315,915.4882975880419,60.87293587101958,7.552590430537105,3.6276635354763007
30.824582803960837,33.94597858579884,86.55158744702356,15.335614355444669,5.720499507027832
37.23705789444759,697.4202672468399,98.53577736854201,8.806397762995223,4.435832724641366
27.789877213040835,297.3490073725508,82.40672733847367,11.28736954317021,4.685138386608821
30.842892970704362,924.3961953765304,97.47289848132368,6.592350895258884,3.725355902952715
32.327236865873836,971.0582451653678,62.09031517144095,8.508069440177415,3.7746019001964655
34.121399684340716,944.2664891134339,76.75173276296645,8.820248226967554,4.04101676917066
40.70351922786027,474.2142166574638,70.40631163848205,14.018892222052346,5.376447374056672
28.993475643167194,862.0426509893134,89.23283859922918,6.76146529351501,3.6536347510219165
35.28468876827223,844.5493985350704,99.25188361988987,6.189125596835573,3.8099261041270625
36.84829137724085,319.10047324325564,70.26120249776991,12.942465893311084,5.121520590150877
25.929008254399953,828.9154741506774,86.16698405896298,7.432088500957311,3.6906755657352206
37.150897038028766,37.00763471549262,67.9239053103896,14.802092375109419,5.590777797228331
28.41048247374583,596.2698784820531,82.61321018286439,8.551287444954811,4.036554183744178
26.30103185970559,230.00883728770305,78.55729946753345,12.73197603303626,4.9237914947198504
43.977710745066666,120.56688577727881,98.88021318526148,14.320127192356244,5.948021295384686
44.31264066149119,76.95320162920916,84.34109090785867,15.517633716363923,6.068285028898459
41.167946962329225,696.2887758781397,73.98025488347275,9.912335349580681,4.514120729420168
31.092275383467413,339.87496376806615,64.56383139551734,12.553481051889925,4.8287836987960855
26.95344228012768,724.7667715287614,66.04987314939738,8.209552099647055,3.7132919420952
38.684660530243136,65.35634079894237,69.0126771980494,16.558873088459954,5.9815600271392295
33.80304987479202,315.2903378306103,70.03866645361192,14.067359294373317,5.266621685023131
27.440764696895577,539.4912923753373,94.02464231364551,7.429541446704403,3.923818077646486
34.903538202225405,790.7231648389635,82.448911531301,7.81068282879788,3.977828408394861
25.687770422304368,318.7525029320699,80.93563645497466,9.989201349381153,4.347577664233063
43.186408041575646,625.8913764370091,64.59075487476869,11.295676275347672,4.777532862323384
30.17559963200034,885.9777482361872,94.4055877339774,6.729532613461313,3.7201368911695702
38.25044568707964,615.8631881823046,88.91257212833935,8.767874150875622,4.390866864049666
31.23422152178822,232.95947475363377,62.706734476000065,12.8272342476602,4.9114201639570805
35.40136042355621,24.40078155653802,88.31340388919074,13.633329431833406,5.520474983648435
35.934205586865595,870.0988739009299,81.74152869370585,8.471504573930083,4.097965997421209
28.69708911051054,21.26941085038714,63.26901382987113,15.179389052000863,5.406184501232003
44.39169255529117,874.7016726841994,78.33202566114626,8.69105088876678,4.32583377172871
40.502656467222295,528.937134027212,79.38785148520188,11.836250001728283,5.002622729734571
43.78997883128378,939.0676985128962,66.63098160653104,8.864026706737066,4.202027527620944
42.89654700855297,798.7832357736654,97.82792588001129,8.594268350510417,4.492929856815108
36.9579995762217,997.9341105333375,93.99901485922648,8.424988412217118,4.1867221758041175
43.437484700462335,350.71181545171015,86.76089349316433,14.409220017573931,5.738542814477766
26.76985004103839,767.1882889311269,78.4918224400243,6.850703334546779,3.544199676804146
28.919657248382904,401.93091360924217,76.47062166338034,12.261112895642169,4.808067518776496
25.90454577821076,479.8756203039088,86.03893868603816,10.778990151143704,4.497755359201038
31.506606615265287,627.5054632183701,81.81727477627622,8.521622060518444,4.090666746576001
32.77354579378964,873.6771141863387,62.49092423527542,9.637640013755135,4.055078590067776
30.426980635477918,984.0834691992951,80.50010595081326,8.291496543534878,3.8607684770578166
41.57475018303859,768.2734138645181,92.25614468931357,8.107430670338392,4.3176817201740105
32.135066533871786,417.76678216733376,78.36959510387832,10.678091150517764,4.587719198156068
30.618690193747614,421.3570022770702,62.07826310217074,13.21713511676812,4.8917527985019404
35.85392166316497,737.5823015888915,91.45112797536132,9.100751098926246,4.371830542145595
27.818484499495252,238.77714576830235,68.05455128543898,13.576749684760586,5.023665188486062
41.043939615080795,110.47411313139466,70.34483339552155,15.864827395382958,5.899366597771349
26.491012873595416,354.62215764077655,66.58825413729184,12.403227497768789,4.693445512583847
44.73773873201034,287.23899165408176,73.2086025948599,13.083714456554508,5.397114527630137
40.44489538593315,296.3081204559901,90.2700602275454,14.016737177908237,5.639092069708967
28.974313630683447,233.60775104990995,80.77543438015749,13.738873900702632,5.215418177919907
25.110442342472048,42.093189636361885,68.19525096602851,14.037354271636298,5.125457589037272
41.30922856909668,17.87393473341381,95.11320312608163,15.014978844306347,6.021018169025234
39.13714687695234,987.7223897360316,95.18327419806117,5.504407294887248,3.6751910638644096
39.58014336081975,427.77313373586236,94.82313700184028,12.100530039337292,5.22631185177283
40.42540693371892,384.32664715968167,69.55184845526156,13.87090067371988,5.367028540709412
26.480893034681806,679.6472826930699,78.04957376723952,8.77585919725597,3.9523118829480883
32.169314570885454,218.25388786506417,99.399586245635,13.268660693174494,5.396828624788245
27.317381190502594,949.9611839502253,90.88049905239961,5.800294087658587,3.399131245428691
42.26206851751187,786.3450144155521,61.086696849022395,11.290959190219487,4.653334582223209
37.46596253655116,89.41100231225951,62.60818365041968,14.630553964674965,5.490543254464616
31.617960497052984,417.58077578492833,78.55725507249332,11.502094148868027,4.7410260431079445
26.27116700572047,879.1183075621647,96.3688082344624,6.126798910563183,3.5204508835811272
31.219646434313244,944.7320222914103,81.54807191810858,7.336405719921819,3.7165798615410304
31.503666440534943,467.4015112498697,79.91250032137161,10.676075937963295,4.566474913760336
39.59212356676128,613.4113892107077,64.21894799826522,11.501343718740763,4.726488880782314
37.75114942710427,167.0339460920752,86.27120418897177,14.706353324508829,5.718699013459364
42.744254851526534,991.1686261369765,92.88412642400903,7.118991014648702,4.067522642854731
34.44429850323898,231.6717013834434,75.2168003003025,11.912525093567327,4.937556102247327
27.391884918766035,942.7317741351256,91.0244740370131,7.943532199525684,3.834047478509135
39.2648957444599,649.6466489923685,98.57906615603247,10.967115068285104,4.940242304976355
40.21570097233795,607.7367948788591,68.15065836510756,10.264194144288684,4.536858919838055
36.22554395138992,512.6885110165086,80.93318524778965,11.888605728890433,4.923841736585518
40.41934359909122,230.66981171775868,71.48551832338302,13.927712051428383,5.459032602408776
34.87591192728782,176.52803200550827,91.71417676135357,13.450663552493852,5.443436975419586
35.45465658763988,220.48620907017536,83.1037346352463,13.62970651520656,5.390605237044341
33.55082036717099,186.4382621442545,85.38329670201215,13.031019711489552,5.2577829340067765
25.508382534881903,779.5844735667533,91.91656638463576,6.4447361308336175,3.55949704649331
27.157828539866088,350.1252591667301,75.83881890649819,10.975455353808922,4.519532698196592
25.628583713734685,57.84267656339637,96.60360273628173,11.866316580845663,4.982505449463694
37.72820822527561,969.1026301408114,81.3211546898456,6.876684003183858,3.7818407093360684
31.287119621526536,883.7858849634257,66.31819291341392,8.301079339155727,3.7833485531396045
35.17141382329406,927.752283195213,87.8359647267521,6.690993167785227,3.759914126952127
43.15132947852186,994.9078226464353,91.73045401753018,8.314426321087252,4.304161241775747
29.9858445829775,173.89524921948728,72.67046708270107,15.060862157402276,5.4489509617770855
33.207658460712594,396.24201890265874,94.28717027995012,10.520571108696691,4.751888236956304
40.11102277086097,758.2384757040913,96.24573019063065,9.17453291787443,4.5369550872419415
29.57596330983245,696.0206180537922,71.07617949511236,9.926826788296873,4.186693951444624
26.53959819657586,153.89590633985506,99.34085890860888,12.458543858359093,5.113588551332938
30.79502905827536,815.8331249906178,65.62846112195034,8.963270698886673,3.9232762565157495
28.22442574508009,224.44057183666067,68.0806267360996,13.930057596271068,5.110876627252628
43.59395304685146,223.81761482262309,67.36899356952105,15.554532721245796,5.828512213233459
41.16240759128834,536.9744228934136,95.75958840031481,9.618051685464252,4.7366390493121315
37.66807513020847,592.9399348417031,86.17170209299847,11.33722049663074,4.871355099704872
42.429211803754356,580.0862078378112,66.08417132889092,13.03389802457023,5.138746341965444
41.07344153798229,91.48683739775487,77.61293673473396,14.552985344460557,5.718041181267889
28.731401177720716,877.4608626303803,84.61192100279209,7.235423025591441,3.6892359007147957
42.85117996979956,265.60004258870606,63.338563399575335,15.533742078498602,5.74802471187478
35.786844838313016,129.51492128280418,95.29665473629355,13.28415545394109,5.48844963543417
41.14880310328125,888.7480798689772,92.14414141766142,9.293642710324873,4.494539604979311
42.92182599846986,955.6514982297533,80.20827094306553,10.858866081444441,4.707562802387859
31.360069499437277,862.1276172654506,98.68506461036682,6.145948138655545,3.686551033913966
27.201038490553536,809.5160747248781,76.71043917100398,6.571429459363426,3.4648108544471654
29.558703250838832,655.2419806390217,99.3644127614599,8.640706502520366,4.228214920384873
33.54215577252513,550.8573706091393,86.71679995214508,11.00392223534879,4.719705548433207
41.36029531844986,86.98675991141013,85.38685093015766,14.767132438570048,5.847867971330719
42.21461166512687,408.4532130706987,66.6381958118314,14.919478567979098,5.584476289779152
25.139042610623815,372.688517012314,95.27711033218576,8.93271566084381,4.243853936561914
35.214946051551316,259.7537837603262,77.09958751682461,13.985702503293929,5.3798234596632355
33.34822006297558,723.4201136885849,66.48933623129918,9.284097865724537,4.09939861161983
29.442156209414605,495.8757350787708,60.50430079903036,13.260215730755366,4.824231921554647
27.397307346673657,81.04621590764793,82.3902273455353,15.512311140231008,5.60627600615201
31.75230342807256,220.18320194981135,81.09598488490705,12.227354963741515,4.993917449947335
43.858194078250385,683.258763659596,88.77414489476635,9.808648799466381,4.716480749411612
31.464058640415104,76.13085949030018,95.61032212071208,14.245711941871608,5.5928587904361144
35.37581243486732,851.2069140487687,63.17626338572118,8.889498360718356,3.988950663687926
39.060379177903556,495.1465270139743,89.2598596136145,11.217669086623669,4.953643661280782
32.27259204758588,480.586577326648,67.49647776390329,11.678582959444366,4.65753413183448
44.435641654419214,592.4077846595176,94.32708212628656,8.95698745874218,4.653031882162395
44.24894589884222,824.6809659251492,92.76254055446624,9.060461006642324,4.560317813872965
30.035645916507285,347.80920790219307,81.63175019942177,11.050488562728066,4.6682183252081435
34.94497011784771,678.0161525590636,88.40971194493247,8.855658774022821,4.292591636294304
31.017566196335395,565.731963995791,72.57400452734993,12.011184008695237,4.70814078251895
30.696809887549353,267.0282701694213,78.84671595731258,11.348548333005665,4.749482575182774
25.737738947090655,878.6299863551579,92.86547590841886,7.229420174136648,3.6922680119938116
37.19128667959794,797.4260216069281,78.37060788692855,8.886052904018092,4.208919704699679
35.05358046457723,658.4518346584255,74.31193061301767,9.943458279335147,4.379823320212844
26.029575024999787,850.581729094242,79.768497890012,8.120842171797149,3.758389672271848
30.57292928473223,867.2942009598023,93.12997009748874,7.4139506961839015,3.8620683212307854
43.165317719333075,708.3629767150347,73.40832189483491,11.413131215077476,4.8556625319804905
29.79123781333945,837.013328363672,66.95046372542976,9.49950338495273,4.0091721660462
27.897897441824462,697.4714616692836,88.48056081323122,8.012639575819781,3.9336902721159914
34.789055205551264,680.1407717603004,93.03912850832327,8.469367290659834,4.256723869855413
44.71300908221201,618.6113782151843,64.02549914094133,11.1302445805391,4.781397592368673
29.84110543023001,752.7166395576412,69.59496451023779,8.254040779675627,3.8215398864004264
38.44271094811757,158.6051052930737,65.67887959043975,18.009434917216257,6.194744221881476
40.232392306574354,880.8707591989285,73.91765646328666,10.329717760769949,4.498814013078218
29.752750879847994,871.843527745232,78.01403915621651,6.343805559601057,3.4737356152603316
39.56432697223719,29.247283034559146,89.95305347853225,13.693630341721807,5.655230191194027
32.355662654385064,825.8167505647626,86.04590339526696,8.45571640596325,4.062522843933427
37.64611661187159,128.8698674734452,84.83714269913725,14.791982716058133,5.734019055122282
37.670594215217896,335.11885425914187,74.09499786438617,13.683654413851068,5.323068769306084
35.71549368149517,743.5082562916077,93.6579021233904,8.39994229172334,4.247767012780804
26.805795401088165,160.7598960483082,78.85148669592658,12.862587684944884,4.993679125957212
41.70604991178476,817.9670241190622,99.16419752060618,8.83065944459072,4.514944352182985
31.415601299434716,832.1341779577419,85.36568553182947,7.930407461972088,3.923690310314918
28.730370207997083,507.4677337608362,65.05058966258011,8.916072698996421,3.977722968328675
25.81550283109528,6.38587171683358,87.04710248301737,13.464618611270703,5.232043472006058
36.81785886376484,287.0381331749128,73.00416061726796,12.620223533128767,5.096535389986354
38.55128723684565,616.9269183757422,87.4530878674439,10.493296146951858,4.7287528088725015
25.331756578557123,981.1861780274235,62.78564592649623,10.036298071486065,3.9012672733936915
35.24186116598562,631.8135270166683,66.99525748703837,11.192233914907312,4.571962337360805
29.529915503958758,259.8035810641598,94.22949035623145,11.440157007977803,4.894182675835139
37.903455808188994,634.0057030996113,69.0871822809406,11.943811460116011,4.811521684605678
28.487328580099827,539.9853797158555,93.4816450097176,9.907202028608468,4.440933247015123
38.81875476204932,779.8453951511436,71.17104353817642,10.28102972377979,4.465265845890547
32.734706926010745,106.98063882695841,85.71527640234831,14.393406493603878,5.5441441872897546
43.73459977473469,761.027902502028,87.76602294039324,11.828171170761818,5.075982896698587
27.750418882919867,541.2665786761103,80.50619012580212,8.843719694925479,4.07881009972859
31.82132702100517,962.9920038589946,72.21242706786926,7.977633935066655,3.75980875869456
27.269470424811782,341.8721660386861,68.50577505484384,11.185689239944196,4.494452963166909
43.49387236557126,632.6218931339481,61.327574182497045,12.64742347601436,5.020552361279116
42.54678706761962,932.0281055100174,72.15785604962895,8.122810290066674,4.079545840063727
30.15883255430311,102.50972799067925,86.12651162125132,13.075289687923288,5.21944880901278
38.199680920683576,937.2284872364511,97.53219273793931,6.914434261455548,3.9765090887136947
41.34444400402432,687.8857223008133,94.84817929052208,10.691655256895015,4.886614099468532
36.10401623198925,67.8370591051719,90.6425910614121,15.176110365869143,5.853217582177602
35.59301156712013,300.96356694681623,91.53789373013194,11.040840789526904,4.928579969173098
29.837045818009035,708.1720886452816,86.59939613903981,8.64003309304669,4.086494935809858
26.862055356117985,67.3506014687717,70.41147430264012,13.454488261102806,5.066485593918521
42.944315159066534,582.1704601762733,96.28780122823319,9.423059165590804,4.7311738554657135
43.00836114326661,345.88305695295674,86.82929247623336,12.8354572073323,5.415248533172543
37.66202914546536,620.9155177674771,82.4176252392176,10.122755304899327,4.57957386404715
31.780595820974014,45.74203381251285,64.43957876853925,17.652472775935337,5.982889020692779
31.984191492253217,871.5368061523762,77.88222175225701,8.404657267599221,3.9427279273800475
39.51911357740479,973.4889691773969,78.41433084807704,6.656047832711309,3.753454240364598
42.94220519905154,968.8778552856915,94.5825443809068,7.10814055838437,4.096399748547006
42.741728485302346,749.6518317429247,81.86592880751154,11.059879619346706,4.842059419865147
40.597510917152476,130.08624013063198,75.21602195881638,17.158653063942346,6.187391620170345
37.84063292308576,758.2631959290226,99.07201314042638,6.935186414078833,4.05830859184865
26.682799299900978,24.58691645880151,64.42882373305262,12.90387501252603,4.908981255049636
28.232574281892276,22.123551528997254,76.90193713247778,16.236788820342987,5.741574646110976
42.97108377054158,323.61021914954125,61.68098700685621,14.873213126296752,5.579256585702177
37.1285811931918,488.64319040466575,89.59616483067721,10.198183246535464,4.705484132474984
25.183941032332594,770.4074178077932,96.72306208796603,7.557289563141699,3.82530803322553
27.02943085732064,683.2953766065052,71.20149318201958,6.581346291908579,3.457731241849646
38.27003538216111,445.9027063767483,94.33366707196484,11.311874747844266,5.022371457673991
25.101231676924375,273.62666628166585,71.68872921847591,12.566519182896888,4.773372485851504
28.216161028349973,997.1245001577112,96.4308064657566,6.511673138390308,3.601413079009643
35.97467578733172,426.18130223597296,90.15847614387135,10.385690917105917,4.743591994436133
38.83790395385387,451.38702432967546,92.19627107365754,11.525325887545542,5.0562585813140135
38.03922519005201,163.62382119166918,60.72026222401818,14.294278716012391,5.389628691907345
29.485386189211198,794.8095487499294,98.51241428296103,7.509532994232174,3.9357269630955645
39.24358442695072,693.6822257814887,89.06683968281293,8.811084018478505,4.395745505311953
29.744981749936002,220.76961278876038,72.19004381544534,12.785637877749748,4.964089694087235
31.507993963185356,82.3810456158427,93.17578659435388,12.467306186147578,5.211474527969537
39.92982810236048,680.4993020747131,71.2608479365972,11.435678800679351,4.765720049333329
37.992657980944294,654.5112142811353,94.91015358264511,10.435972680988643,4.762300693816277
41.98446820988356,273.2595269982093,64.50321561647748,14.392278618419065,5.505780242506276
38.15225784600687,950.8635622504104,88.14743909843183,7.602228483555979,4.0135333667915285
36.36617206670943,151.05789178090023,81.62793906579641,12.625489145834566,5.226474536846963
26.87349535656185,432.3348010426019,63.86137880781763,11.273395446048937,4.4190698361415315
32.35431606118867,943.6159201675989,69.67575313035356,7.799598292442425,3.720443039315887
30.30404735363451,419.7273169261223,60.49616145109259,14.874652165502509,5.199906352035476
29.87979286758167,638.5259476640855,78.75071861858024,8.42786460609394,3.99454434289608
44.46021109504891,397.5943979627943,72.05061043040001,15.016116864935952,5.720657206577345
32.861954493335205,274.21520234867,83.93429937191036,13.549856725281154,5.294039074662582
42.84093110354227,983.9776479598282,71.88951230834469,8.955251337819348,4.230218540155485
37.62277251994526,409.33400631504304,71.9967644602794,14.39884291305425,5.414194710206203
40.89622607083297,894.0992036791345,89.72772794926414,8.640472574210536,4.331033990704752
35.052741862103844,229.95460589108617,61.925713439134135,14.659565700034994,5.370559720456605
36.53807769252718,213.1047040250833,96.11579980767948,12.820821047501076,5.390070345972684
34.85035387637728,31.13408288451136,94.09055497564725,15.452010935725447,5.924963304533566
28.90485975596089,651.6668253758851,86.71218732905626,10.016108435066297,4.361203183808451
39.44904230523011,368.52634372376116,83.72886280429537,11.973553899126541,5.110263970314741
30.615447248817116,864.3582498396371,95.69209992558609,5.655135480262884,3.538206423841828
25.486319328629076,473.20990669155714,67.41320718114858,10.699038069449946,4.287300025569208
37.909445918143355,968.1934279147217,63.158766487633144,7.845609198080125,3.799077727198195
28.542213588140978,185.52551570312116,69.58040679638152,13.398316590517515,5.043354733077735
43.80917168705828,868.6231679556108,91.78313114800761,9.956396836085865,4.700699875378521
44.07857154005175,776.5968527917418,61.38681066905933,10.55001157393252,4.559274540401746
43.29728780440897,770.921844644052,83.31227340333959,9.819862727898105,4.614456024670029
32.40317400510889,844.7832281168877,99.8175006476524,7.19726275810374,3.9421967909833486
25.30913233057735,761.0239909429989,94.22784375350157,8.085942646655496,3.9130948110839263
43.566371251754504,626.2203216314153,80.85782756174358,8.928421265087433,4.476500052527973
33.563682966346285,131.24487768238757,62.54563637146569,14.243700821163873,5.294354333999479
44.33309638087339,32.526179491251916,93.25494057542839,15.608298793282845,6.193859198517061
44.272399541785056,920.8478478156868,83.95914032708842,9.948027102561152,4.611940072743252
42.060189109347206,616.650314520738,64.59731988238268,11.39225173533042,4.771328336924642
30.888977841391714,796.5372909761763,63.75429139293425,7.2701117374690085,3.576063768908858
32.7019545720385,481.5223515125501,96.3850727774637,10.87251354363717,4.795995314770052
42.02273343033714,117.30818896239448,86.76801051752314,14.130499585239514,5.739447815826941
31.338440103125553,125.18579220255045,93.17147197267022,11.910886217030791,5.078617088933105
28.38985493372185,685.5652872289713,95.15915601129069,7.539957103937092,3.9234930942855053
36.136025249167005,430.3058948994627,82.87089408193289,11.565805808951845,4.909284401128255
43.723095483215616,200.5247267003367,80.69785407020166,14.002936276334884,5.664156387852465
38.920595933499456,491.5945467414369,77.21709641283961,9.67129426034739,4.5217274917722845
36.4012234017873,64.20893707513409,72.67786351164477,16.117648332918296,5.871056535316523
26.943529875415372,581.9714019143988,77.38383843434846,10.983135489295952,4.438208698197715
37.3001445339834,268.99340443509766,90.95518622920625,13.427832788476419,5.457324816096875
44.801077002085265,797.5591006371882,84.07693724060526,8.654123902697647,4.417398514744924
27.801680304730482,310.36195892357375,95.70093159819385,10.866767851321857,4.729061790599872
35.36659304727473,455.2201490818012,77.73520057516751,11.708948629030726,4.856585091154242
42.54746143855911,11.620539908100636,84.28358314875015,16.39734628548669,6.223890870024136
39.81537235508409,72.44688779455888,85.25230212367956,15.603994962787723,5.979542939908702
38.94031481990536,392.49355640668483,83.66788649225302,11.615321203744017,5.015193868426199
39.049681679742186,479.9388347171235,88.10535092342064,11.523179134074603,5.0090055258355735
32.1898230243951,600.0205481193037,69.49733873499225,11.045027845838613,4.500906135904196
30.871836885289866,291.66257870930326,80.49455110183163,13.802414563615542,5.25143115127524
41.18722310957027,694.9818861265426,64.16899211233391,11.87866861834412,4.810298691190373
41.20226789358362,860.1223971892045,75.3804531057925,10.08332700180229,4.497679937775875
42.341446371602075,779.8509888933498,79.50668274485058,9.950658144132282,4.574135666379277
43.26481105112943,39.61882534835715,86.0889703818189,16.980837349461233,6.366094730900458
35.22684797721875,480.5069472578289,98.02124210344815,10.891866869990709,4.88228106353718
35.03032589374399,104.93017841817488,84.02604266193424,13.301807636633598,5.369438355816135
40.9659035793355,242.04501586252746,89.74375664706238,14.89573044039211,5.844879141266759
37.999278615555305,986.6625932671465,80.25064237980811,8.351983841278088,4.0662193987512785
39.03933754515407,142.49554290151323,85.36416125505326,13.833504078325237,5.57836698722898
40.91585338872202,498.88815345135606,62.83728864535094,12.297439779369002,4.952117769053541
42.800106836351326,618.1557343181191,70.17566323367387,11.978559329274274,4.963008982209481
31.759903137030715,702.464970544104,74.47412372820554,9.930947220948163,4.275702174816845
32.511659052798876,559.6486834869141,78.89973420026054,10.676515174058732,4.545744038792356
26.87963879681738,9.77084741918366,61.825949820095346,15.367401058702733,5.386701979691079
36.565602819923484,326.4613082439919,65.6009639021327,15.196091051908628,5.515348999423467
25.71884547593484,517.7116433847115,71.07257231165224,11.462482846686763,4.464827617474296
34.3119603626492,87.86649914483336,98.86130763604203,13.66207345982216,5.577992138095798
35.852892694151535,350.6269312091808,73.25388028412203,13.77594824018612,5.279652888442711
30.730825042565687,33.20310879136657,79.2816423244833,13.425468115025245,5.263630253840043
36.81666521138021,78.57849715502074,67.84390850953572,15.795103472595482,5.76326167624833
25.610004998780987,396.9232762015961,84.43120284303073,12.485560597822523,4.848514967482479
25.746963774984287,132.71575404306034,71.22732862063897,13.24849729422931,4.978307501584618
41.45201121319317,567.5408482615582,68.27970313753707,11.172295473994776,4.767992078412726
32.20381282822526,689.4649691372657,80.66290513783916,8.663503640803885,4.10084292541812
27.541210253037697,800.5866991090828,60.22023196641683,7.799607001828631,3.5579605069652414
35.444865201096086,200.1502442448101,60.30656130596901,13.852091896746895,5.2149903899396435
40.39987106197222,167.48258225906974,68.76275236407432,14.699478152570363,5.610926768862466
29.316420549936865,104.56784033440026,61.46885450003285,13.202417999136937,4.975571942992314
37.45780951638,636.4302495436367,64.32103016522765,11.203061971304727,4.603153643521647
26.70694929987536,706.4757264869012,73.55442597355007,9.777583979198978,4.102851446777295
26.033634423372153,31.586144825642037,92.10342718319251,12.358419432892976,5.0569581954879395
35.627092631362956,936.2122462436898,82.88194573477203,9.160739782717203,4.212786923809122
35.81270243220213,51.97128365147241,80.50670903825666,15.367210659267238,5.788850972012681
37.74859802996413,541.2963353010705,71.73955292832487,12.643064020394945,5.010953348020878
39.52182667445323,709.0605194509164,97.27014877731266,8.548793052609287,4.426403384050401
44.517041589250695,870.9691237460856,75.88060164948766,10.43478714533363,4.654818877383687
35.326006966023904,714.0869321324278,63.48371067183086,9.26030594487659,4.119739703957277
31.45912945882492,801.7280830697919,84.68266064471206,9.01738533910156,4.147549806968963
40.90372389537407,339.45019254280606,64.55353573906406,14.137007879942766,5.400653677641798
30.416645025241486,814.8251137465122,73.80892571206769,8.994201427438279,4.001832267766007
33.77942841411272,80.11484638467515,80.29647754871235,13.222194155555655,5.293622806811316
26.56912762684532,894.8166560605276,94.96890098740704,5.3862471750902605,3.3598091007658897
25.50701486830915,547.5923761537363,79.74186321360474,10.290237832540356,4.299611634758662
44.2529682935585,817.2977699624937,88.09035064126657,8.419108499239542,4.388383273908098
41.71960241024412,452.3182845183001,99.71267355996281,11.865378627183876,5.27398480989543
38.919484121873964,643.5776951965249,65.25956479591926,9.891600486796467,4.385391254408599
33.1790588882854,526.4026609361132,70.98926102078079,12.068976940732972,4.775782465075377
28.465886401416917,731.5895217553318,75.78304302390586,7.541514728163573,3.71361061360648
28.12874085342172,81.62998203058957,76.87312714155325,14.43105262676775,5.3536370661458115
30.004857963291904,60.3520839905638,76.44084301062183,14.921355066785427,5.504664916912668
35.98453329412241,247.10323401014645,96.30444010226219,11.829324299670834,5.165665832999912
39.29191845400125,159.54468011318835,88.56130577867425,14.592634051725657,5.761911875890631
38.203947534354626,871.7835665922017,84.31620856362815,8.654837006537088,4.218718696200039
30.598677938918858,219.2139873580443,72.37490871451128,12.760542161887606,4.983737550991307
44.097305613263885,975.8652558191313,92.95161536885179,6.828619174519818,4.051423832209689
39.75793833391537,336.8957917711069,98.20242045939955,10.203039551258431,4.921580194819038
36.087081050228015,182.11791568869927,92.84793130200906,13.580759882717008,5.510048230593941
37.234414924687044,789.6985071424791,60.062604207658914,8.582608752077611,3.9693631776769833
33.3920012485558,658.7077755008761,85.45605480733627,9.559919404894183,4.3712533513143
29.95461979002315,498.19571645313897,62.04541525768403,11.243269664211216,4.448649913378429
32.11945357302523,555.3635509376312,70.30428881334888,11.575354356032731,4.631074131863638
40.15692220928738,719.2017782722638,62.380988013910866,10.644121538750968,4.509033454021869
25.287869772595116,228.45474133129872,84.15181811797551,11.669867749815158,4.7415944486977395
27.321452810138325,996.3339160567419,87.46359653970427,6.666593886065746,3.519778949251091
25.920052840435055,974.7931621467832,64.57950552263621,7.418143796630248,3.41342792354501
25.814576046379404,650.3256863469369,75.35355532179918,9.443621825882852,4.053308621061652
42.10921168022014,199.54245092914513,78.24946035822168,15.013560366090697,5.800229200114422
39.07315718760047,680.2282424312913,74.76212087043666,8.973274756332788,4.286086949876021
34.4834765817465,72.19840897917584,64.84100001940772,16.07516859699277,5.73113474712637
26.95668321302003,30.652502205806066,76.75791160749901,14.764155181554608,5.40902291504211
34.83231750233665,257.68288851121366,90.04712191233672,11.599375767997355,5.0229134723791065
34.469435415611315,462.6229567393163,62.84030658133022,12.049252793218116,4.749409762567093
28.464037398200304,868.2725054083805,63.20720056327614,8.269837128725554,3.6787954015677276
33.677032984759464,727.169069766308,74.19085167343937,9.37985203196697,4.202614152825011
32.970094687947466,742.706521199981,97.669028464757,8.465167736284531,4.229863685311118
37.317001961044326,425.49333444807536,86.74290586891657,13.168315048126072,5.301136785522302
37.701873017352874,345.9349925469629,87.1467982669026,13.48117163603434,5.409577011308284
25.90608019544089,371.0387629846027,74.4767996335146,10.104360344468947,4.290782645116558
32.49225229252942,987.6495637360579,83.74643164834154,7.432622173104038,3.773727485215565
37.51719831428473,40.10919141248248,60.40524736110974,17.48986121789423,6.061428196796353
35.062725171601755,867.0314961224485,85.44384185638168,8.38589147948274,4.096434970473031
42.12979682376644,578.6754085723934,96.53147790304948,11.690578880306317,5.167335109080729
38.1738726323789,438.61541918959045,84.50293873379277,13.859064871379871,5.433916882379917
28.258688541628594,725.2576604151365,94.9479437386538,8.86529370084863,4.167161015472553
26.411374948008596,486.66894142470284,88.95892221864375,10.07737594707295,4.39709258367937
37.84838556412631,873.4232380816605,64.82233665614761,10.358392004319246,4.354590496859945
25.530226210832435,900.7018640112585,96.09813229143367,6.197993451735031,3.5040851491384832
36.71551162546926,421.7209268734554,62.657753774231,12.923109334642072,4.997114336183543
43.80460482849915,276.82779723505155,81.35869890191054,13.622581020730225,5.566291799812108
36.509483557517584,592.3503285933622,65.6854849517383,12.921474509400404,4.953456192455577
32.76339852413044,912.3633456166909,60.468264429236164,7.790859170558315,3.6497575017847397
37.86576436884707,210.6621890056666,76.88137040510556,15.546893416639152,5.778437385366643
34.16505780983033,622.9665835634828,71.80162830616625,11.025856977103837,4.562292548112626
35.9123357863187,631.5602200925206,79.44001975190412,8.885691371220933,4.252635114170506
43.8292961755305,733.113022415281,83.08799546938204,10.607860881263731,4.798768622544247
32.722052756015486,131.5676851272598,61.74956289235789,12.686600197434261,4.95296196601593
44.22381127647829,715.8249646820885,64.92013180494982,11.959759062304231,4.904642237825945
43.107012839121275,909.032520665641,82.34569585801701,9.668528065457565,4.51433189722258
28.915822695785927,179.68310887024197,73.72669412690632,12.753743190535006,4.9679537259184015
26.38722601750331,237.54332492387763,89.16693950197792,11.931321243566062,4.8689841902185265
27.01556002754853,971.3950940416396,86.09166594367758,8.120280587539114,3.7988193000442045
25.364436513030995,180.97695270948978,93.82417451959627,11.39896132964605,4.805118579380182
26.88885921511857,854.3850933695792,87.69971306676901,5.947689118462543,3.42389125660545
38.66013546832714,492.2778564480348,77.19724309560593,13.322794652297281,5.2447837410128075
26.42377296920458,247.23107440317705,86.9186648957773,13.809658106821065,5.219243937760034
31.379512605875227,870.7499012725114,71.01524697021674,8.252475625861946,3.828214962118308
41.897506219389086,445.3052550026655,72.25253995112851,13.864094744157297,5.406557408045795
25.465438714716516,514.8173539296902,91.55940639683173,10.700819410017754,4.511932410982622
41.28936965177871,359.2333693997657,77.85678065606328,12.445534137673771,5.1975048972817275
30.637095495468,592.9508514349275,91.9352136207341,8.850778131572167,4.248891904829971
27.363296552433127,163.52387258502276,92.89689494673114,13.561434371429971,5.287291985082558
38.934743307283014,391.0815366517607,94.30249350645136,13.513406507045818,5.501576947802331
37.57885693559768,969.4123223352875,96.66540943364829,7.483774642081361,4.052694374144179
42.549440270541055,258.13343270112756,77.23940882053185,13.29908057632726,5.435242277424387
39.70142087607772,656.7366645412922,72.75467273284555,12.859604663856151,5.06900993706119
41.06961860769697,325.1900642246949,83.28794986376455,12.631465328125884,5.296906622373066
30.64069145142613,773.4731256866006,74.84689693750511,8.411615340631622,3.9180607649638146
28.548790875594456,130.87366071834984,84.04296667200931,13.519055120213691,5.234159789240947
40.012295032817164,969.8210450785447,88.22343450575298,9.185895738736827,4.371804745626724
41.136694785345284,453.78954138363923,87.53620073968548,12.783252982740269,5.32005085181043
44.81010284001347,236.05046334646397,74.98211548080485,15.154568360351574,5.851377315380128
33.25235353822853,73.49674733001265,66.67440806795011,15.531876572667922,5.608281888275022
32.440361715855666,169.75790508754073,77.2211735384883,13.717236156921404,5.291205209346395
40.528259214839935,519.7739485560177,65.70376576327635,12.97815074368734,5.098492966533663
31.816070805060356,337.0031764312863,95.60388140735233,8.812148937095033,4.410885171851585
43.61514651207129,828.8833658826095,73.83509842951429,9.614388273842165,4.463669102024387
42.16825503686024,430.8875236618059,66.17838988893295,13.545492855598914,5.294902091502757
33.579880547500366,248.7142725876299,61.017910396230036,12.837961881567995,4.951362665475857
40.017421355829946,617.14498660403,85.83289545145936,10.959609215105944,4.843845758145749
40.09085748169365,706.7772168854458,85.47609269818973,9.678409306824063,4.550094196116567
27.062477376718654,167.04190790094987,73.62416666325167,14.985429387151544,5.3701351926971315
43.05105813359133,167.61921628831766,62.86847555390604,17.254769193243973,6.131918419145903
35.105047448957144,36.671426933542975,76.38515579580928,14.634170919497887,5.588748404757139
41.52914932215484,736.4020150656405,72.44869980253574,10.319009096439974,4.573485893663123
31.400992020612236,663.804527621805,87.08482558940037,9.029493976420618,4.227651032665323
42.91046456992401,474.63087574981387,84.23116997810762,11.688990767327367,5.105929581764648
32.784033574683264,844.1704489691971,74.5837491279016,8.646557964841461,3.9898657776013944
25.216753029605968,805.6701529500532,68.7157021701996,7.38658196255472,3.497840931802674
43.10763952838528,585.3543643967522,99.52143864622367,9.383394560983504,4.758550180638253
26.82573353572267,868.2712805132586,78.1600648478446,7.98762576168869,3.7292863605396693
31.3862727518083,205.84121003676825,87.53096943120948,13.372604162584185,5.283537134361241
44.0012393410161,111.91961939772787,65.62211870313443,15.299370070923395,5.815359576323351
44.012142938751126,269.7496115169896,79.4235879863759,15.047636291958021,5.840179010056098
36.46875776246572,57.08685608931485,61.10146879477862,15.232904913877105,5.58294863011159
37.63674424339598,531.1695280010321,80.218204716418,11.509308087416342,4.8701312037753315
33.96891043956639,936.6056922949615,98.56069628470809,7.475732912765328,3.989302939910888
30.86421543396129,39.34354066850965,75.36826851943201,14.586931536051964,5.457801177420303
31.57329090739832,122.1099140100268,61.559840502996465,15.188664483798895,5.42539289977809
38.45036912154077,452.19902828343527,61.23823163677374,12.418110842591153,4.914834470732654
40.047490588753604,933.8750175279049,75.51947039787478,8.362258627105355,4.095331177696251
40.83158087451697,316.1561049767505,66.40099745852777,13.844631561321306,5.36809494759628
40.79236285589108,507.23480868839243,60.93408385312743,12.043922534003178,4.875832856109722
26.824122060973806,41.5728590503921,90.24854455800707,13.197110383897584,5.22270555232475
34.88840609405163,148.34320096208887,78.34092035527563,12.534198806961957,5.138010243005654
26.151175200332887,986.6301229588469,71.56979087890618,6.175456749281758,3.2360677646705294
35.99057764647471,965.1186964360455,96.00332732065922,6.512877886685969,3.81231639077771
33.83061002746754,4.939980934409616,64.64555840802103,15.531695682924399,5.630414589005482
42.754083655166,951.8117854232389,98.23675315821276,7.362660651452591,4.185781122737667
32.01830025104157,639.1199378155004,72.55866869509411,10.039538892986151,4.310322296949052
27.341340328552118,867.9182945200221,95.53614689234725,7.040248656734779,3.727118731004775
27.859833641056717,454.7398556338591,84.11771505917847,11.373892513029533,4.6584153856116215
40.23021263434944,515.5960285792503,93.0682943896595,10.39967734115669,4.850365529189318
37.36436126632522,488.84658025692016,99.36052652841857,9.40172352809359,4.649884731724591
27.022453522455805,666.8642575461043,71.53621751274983,8.288925074445268,3.8089852785819605
26.682136122299948,139.6512547563129,98.44541941630372,11.675172404615378,4.957363712363386
39.0193826291824,29.97358987267795,75.57927579609681,15.311652088899114,5.8206376881504625
26.45526012728387,307.9299415911909,75.42047618947689,11.170171806873237,4.55290390994232
41.437201185807126,704.6807627366467,73.61548417018022,9.358127167644776,4.403275200967084
39.124844543129925,201.85345212294837,81.6563042939034,13.541217686022645,5.461311157415762
26.626975612837995,673.4324333249173,66.16580172713948,9.680914140698217,4.020769238014859
26.69675428170384,969.9120461072705,82.14845941432046,6.931920640065838,3.5140195150377638
44.73279157002351,93.90071578941838,81.66819249640017,14.975896584159145,5.937353536300675
32.4854159151224,672.6021182251263,90.4760725041948,8.580631516660503,4.19646699487718
32.412842941337814,443.75021930457115,93.34599847750343,9.745541165801487,4.547802046688286
41.25599134515005,868.1422543775053,77.61765401249696,9.093259055398338,4.320227224427537
43.94497154767717,177.1497894473859,72.09332997405974,14.403103137248372,5.6732632716509235
44.720021276457416,692.6259522261645,70.37339589268377,11.879852953972584,4.965374722018781
40.067563705178834,838.1152896481102,67.78495346819487,7.9280711620927224,3.9699743075758995
32.525191710618316,944.6142194740232,62.305903287960994,7.871184412631499,3.6651052120923766
26.670014333973377,683.2480282896458,73.69791915338854,9.350628875281952,4.027226127957726
40.542938318548735,497.1747640084273,70.80990768523134,12.531093618219368,5.069564291175083
36.1680849947161,617.8472402012138,98.65669543465629,12.157591170003904,5.111316502129476
33.48444018493953,868.9049844787182,82.30835305000176,8.301275318430818,4.006372045203122
43.12708770189472,570.6097466388297,73.8910815612203,10.911763876213703,4.814323972448674
27.223949646123028,30.38705969683686,83.21870403974785,13.767378030883604,5.281330513494662
34.85250208581718,930.9486955069777,65.56786805382782,6.680070950084396,3.5254784465836133
25.227072895348382,689.5267510315612,77.76174996808811,8.54234749148815,3.866180192844945
34.37321283988253,676.5133857772465,85.04937285684255,8.627153754725045,4.199022659039481
26.126065513636746,215.67515239771717,79.55591327169806,13.34732125442993,5.058031025998435
27.376358325361437,658.8854702326572,76.07115202617297,8.660981361277932,3.9411389208836503
27.350524935542097,393.8644056541585,99.75393555598794,10.02668505343714,4.556444252309739
37.984206042321276,651.2329770414921,95.21259048595708,8.952053543044357,4.4696327797521995
39.92089758530847,106.59303030799072,84.9362383263776,16.42980290330754,6.1306290890201085
36.667375301943196,657.8453046030361,82.77509444729131,9.677325110926416,4.453429602667505
44.24345096949084,999.4137257706666,84.82641919298337,9.905140394003602,4.579856505629049
32.49741159047408,48.21203886055603,68.05248431289733,15.92552062644584,5.6912768542262455
30.714241725637216,977.1741842213173,75.80550973057274,7.560106774112677,3.6777770633063036
42.3719825637892,406.9079607228706,61.57838131563597,14.119188303407462,5.378529836207224
29.47191677038905,870.7534503372591,79.02184149947307,8.01330763299121,3.8108483974881846
44.264450788812226,782.3854840582735,81.72098335830653,8.03892847493034,4.262917055454942
25.243089493796326,567.0162609866678,69.10998944412839,9.75865778500504,4.072345273886329
44.397576534152776,738.4492092513265,98.56115388662056,10.337215786941014,4.91201200244185
25.863198239011524,878.5155613013479,96.37818443748968,6.20765289292201,3.5263493526530594
42.82286227396142,404.140321651033,88.88572941823624,11.056144581951719,5.0518245010352905
35.554022181726,327.0331615632387,81.33546515061451,12.531039661193015,5.113153895844329
44.85929592238601,667.5933855635847,94.7987663859074,12.006535623137765,5.24859912824323
26.475931294707976,807.8459419412586,65.22609375293851,9.699931247722683,3.957483023959825
36.077085688026415,762.2851347766158,91.6203917709954,8.587945606434442,4.266883212974882
44.38605071238198,797.8136488586345,64.99283255867394,11.645624543741151,4.813965093313447
35.461956883402976,435.583314812933,91.76842650197622,10.81583996203803,4.828629810470673
37.58797276270525,817.8342161750217,71.03070273005427,7.712476278795022,3.9029558884198745
38.914973779692346,120.20905537060844,95.08362324072755,13.029477260432282,5.520437380617489
34.09082129535547,544.4890979608496,97.76168375301592,11.409790352613262,4.928140622547714
37.55116160168127,5.7586604981215705,65.95183877620462,15.888485087577243,5.81124214272196
36.686286238462,324.5858299002703,78.50702420261574,12.636932519907473,5.136465856247556
43.02316020981978,366.4615348713979,99.2394951265074,11.96927399360694,5.358267301493217
25.908927606829156,396.17269160925537,79.33629743892587,12.877011497572168,4.883928315037549
30.619263791844606,695.4672066898622,94.54190090058181,10.009437871835427,4.465220559284918
44.008229681531176,388.55810127034573,83.54926088525279,15.21383994080647,5.867051328225495
42.80527567781833,448.69362262253065,75.01319631678408,12.637379074118698,5.211067496565845
34.11313505571426,237.54413087432746,71.43134222103481,13.917280537386446,5.289693388786477
37.40265195603074,373.25179162934006,68.12892364344349,11.579215170096003,4.820300504658698
30.54762365962265,227.26962726315148,90.47192765510789,13.800895864412388,5.368228813678485
28.762423194475225,73.19592376844363,75.46162027292111,12.925062828275488,5.058173401933287
34.27396809879964,603.4485933813779,80.45101848803004,10.47951206416606,4.5501563309297515
32.067044560521055,668.2127985550162,79.69301920004727,8.420389471187189,4.047466125389451
36.67312223701744,619.4903460096145,83.09116116932525,9.701427015160217,4.4769020544839035
26.554692739299696,463.49404380057234,94.6230858249821,8.91019405601258,4.233294063153901
44.487896153323334,379.7857801792298,99.22957374333717,11.730907349122283,5.343248195172544
44.72421488959206,863.3336495718253,76.30336834295268,9.105945469879833,4.401718904706156
38.9632342803949,519.0817851362181,93.10075688425212,10.31962719341996,4.800344384762294
35.72192732688241,479.181877629731,90.5811117861887,11.757454580658914,4.994399393440719
31.190552325726557,25.64206580643569,82.94115805822292,13.285809056662035,5.287270926060952
41.27590039413897,341.2478276261564,98.24188574447732,12.531572566077426,5.425407649857409
38.69462345107759,380.19561878585705,68.01898062113611,14.418799985091207,5.417931765443278
28.252338786897827,398.8227808969005,64.37056841238486,11.467973622119898,4.5123321046484115
43.21854368987685,580.1723692273323,94.15847867821688,10.119003464308118,4.856998667889658
41.45074485846338,533.6025467268785,77.56599266534994,11.596444750752829,4.959227224433362
43.99599826583848,607.9050927934446,93.87875416828243,11.902066549499649,5.219934769377177
39.5143901677672,764.8832615421283,95.7236082078166,9.030587948357566,4.484774511494776
37.2683039187158,812.9857387160935,62.49830374476286,9.312181078671406,4.1312008595820835
33.36486072581238,718.1230762264944,95.33859051944242,8.975745802501448,4.328772214075238
43.65456966708027,955.5236959549347,77.93276221477689,7.595428531834885,4.051222661476859
42.32127779000817,18.23258267636163,80.41729956016928,16.59318720582457,6.215870626236274
25.904373402123788,195.7779856835461,85.06370044372841,12.697723208301834,4.985384160279451
25.52733948994504,7.56287497814212,97.05530426920348,12.84220405436921,5.199679530313191
32.529267337560995,647.474714154603,60.764643777190564,9.846896379963736,4.163796778879398
41.21106661563665,898.030548949987,79.07373873271268,7.920715743357411,4.087156048425167
44.74552258629889,243.48229657629926,87.50888169722242,14.580977589230262,5.8572750034315275
28.008337822070565,927.0345447963066,88.90827830792914,7.72829076737062,3.7921439020087275
36.8826143070427,60.26739028956085,87.70129726148431,13.921401984425627,5.596134385367254
32.61781713262043,934.4360268055143,65.37740517632487,8.628166286205579,3.8536961437302892
44.398287956292066,351.6226872396344,71.97582353486725,11.828994861492543,5.099263619614921
41.84237846271417,101.42082844921651,74.34862101668054,14.90767000644074,5.772353720105837
41.76657409422276,485.8717591863256,92.1774883071802,11.485081469586214,5.110373399764306
34.3738631958994,256.77656772050796,71.15039489658213,12.603447879932926,5.023203340957588
33.2963900467533,284.8729019619228,68.42819855468812,12.358667287391011,4.9077724234559
30.468141438614126,307.2899649262866,98.29792076152384,10.615181658678324,4.775271230784355
26.127509933018544,803.0258978326634,60.354531404538754,8.985560167400354,3.758762246650875
42.29444752510106,539.1612766752545,99.91283422727912,10.579072759839761,4.998934019223269
41.258020182601555,311.30769915600365,87.07285195429583,10.868626997624395,4.992639364153076
44.99435346572261,610.3337833109184,93.13877197796468,8.739013397866065,4.604910076137281
44.93273674147811,716.1506742231936,71.78477585384772,10.466619044642263,4.692962453056084
36.10863411205255,272.62400073353376,60.5726111066824,14.581100118297467,5.351721021346271
40.379748303610214,413.5491015253515,89.5147807424612,9.31393310438212,4.642388243584762
43.895314597648564,121.88609333694755,93.36578388002704,14.124329634869266,5.851047507978207
41.99294781354823,181.1493495346803,89.61904527814076,13.582758820923885,5.6320991203045665
29.94696203486395,681.1178539649828,65.71401149203355,11.247329816070582,4.412779949454921
34.01088270620187,181.43834769562693,90.13711689027876,12.737921486952406,5.260663077576267
27.5831883030299,525.1633836670602,90.75691128430563,9.953818947552753,4.40543044476556
44.08102054517445,709.0462617224326,86.3416206268022,10.441528480388826,4.81420993183135
37.1234926890176,106.87692309474383,90.64463731182344,11.937005392525789,5.216307492299952
29.572856110069253,567.3122196289036,93.83685758710928,10.086609313453355,4.497659809572004
38.43401368811713,256.56278370136374,84.54416456949834,13.547767649944518,5.451654418094387
37.36256480915792,962.9268752375798,63.54418855878716,9.111151986933542,4.043928217917655
32.16325436065681,483.5456467199247,79.50511238668844,14.942207436621324,5.426318965880257
27.27115184399258,805.9925497751581,63.1059733868642,6.585186214236046,3.334749904749595
38.43146391185599,550.2265421562618,76.30172124129723,13.119573919868872,5.166059441232498
35.40615401807587,43.41253285481916,76.28425956502511,14.79977772167894,5.625993131314083
40.44636783471279,633.1513755940224,62.640393765609666,11.943662351535881,4.813481421428197
35.403270022239866,951.403342206657,73.95282135877918,7.894012351775327,3.8582543676384304
42.043630006370805,601.6118201463312,64.43992395165259,11.586108508613174,4.8141105933462685
36.03813677548971,819.1888594267903,92.32940840036889,7.58476218938724,4.049562534273153
36.21875943070773,884.2064633484079,97.90752103857884,7.706732108541732,4.108426791953172
42.533072053166904,228.0797719489325,62.892659010317544,13.617523823601012,5.3670593194261444
33.06965732424794,212.04483990822663,98.20460829166805,13.112348912582302,5.379509019900297
27.680304569012815,610.9809888509917,80.90306397346981,8.97244103391486,4.078814369771607
25.57565352626678,411.0284698067047,71.98262711815495,10.05164996975027,4.230711868891858
40.10274511347238,839.8613028667204,63.07448301104654,9.48970198213478,4.235412078341015
37.4061910270693,900.0231233980112,80.0249707228167,9.544458616785963,4.321693147929958
39.08159536198447,353.4213793027181,91.78062177962994,11.738054233018671,5.140169992090542
29.259283230178212,236.87055897448207,88.28345909066792,12.560430179501752,5.060913767201871
27.727429511735394,780.5255152438618,62.00904045855895,8.251679120813932,3.6791291899559515
25.29089331335764,274.8060355481361,62.91607341471614,13.44857709240564,4.866516964556334
32.01175117613194,822.6143185136784,76.11493130530548,9.140256766551335,4.092460469537281
36.79835373709266,423.73825364876285,71.81161976191773,14.283924264461541,5.362162946216389
32.84488090199464,667.5498992914704,69.29537292224191,9.960653922296283,4.272031457416948
33.74949844047458,95.53531383466817,71.24017995634854,15.392303109120084,5.630135255305975
43.08317388987497,623.859324676573,92.13930973187539,10.670208322317588,4.9260535530483915
31.965109340466007,451.7676787372291,97.16912214527416,11.659087365557394,4.953894465921445
35.279789783196215,586.6084631754741,76.20410778110266,10.01166929191589,4.447006085287117
40.67306025482286,168.01420774486343,96.24444008529989,14.469436877232122,5.846625659826872
32.9308556464254,736.8737449441821,72.85982804991528,9.219024019405145,4.133855833209569
37.44173400455747,862.7970775432285,79.05747945375167,8.573569310404986,4.133654909719717
42.2472741749349,216.73980009077565,69.04115991263998,14.975448989082357,5.697234605454868
43.990412473152844,95.71455552016172,85.61904168703376,15.484421364692038,6.0585395919026555
27.941469618580758,23.638586046336396,99.15924460699236,13.089676392387425,5.326550500211973
43.53175250322989,641.971500443266,84.13972384173515,11.095765287925227,4.9355872609090685
34.842325861590766,607.0940360887807,74.31256336454196,12.186816704015731,4.843551832414414
30.164887765979167,546.69741271407,85.91269783962113,10.936022023839103,4.611939499993863
34.182715124765224,231.94709611597543,64.9168271386155,14.869662281610145,5.4190724825056895
44.60065150570954,390.90599590551466,95.54636321061594,11.991972526886359,5.357112678269674
34.85236187985739,594.4763351861731,80.12335803119345,9.531064014305507,4.375817257974859
31.575032205750162,496.76685885916936,77.97398968158568,11.871470067975132,4.77627800421672
37.668017086334515,987.7855202148874,83.43459153814077,8.322195104263798,4.08303917239291
29.802912375563864,136.43975255673314,84.9913545115761,14.707934414785974,5.511800248814923
26.51726656217328,695.1445540475938,62.87103224906052,8.873383316657787,3.8147780948196304
27.577594438212984,404.31876810429213,87.3046888489361,10.479978089944069,4.524332454629995
27.56091677915545,428.19961492561475,69.67726721262119,9.758365570937242,4.193749776601456
28.038053870245886,717.5977656581763,88.55810530026359,7.803407968090044,3.888212940983767
27.776543452988204,692.4361513243697,92.90139177536787,9.14519692557468,4.20326897211656
37.81749489606429,991.2559937021883,92.15834030210081,6.53363904357697,3.8150636815531986
28.637601687982897,128.39428945412524,82.10003869631556,13.944835747309991,5.303187464531059
31.913345666477262,104.10964938416633,80.80679569243004,13.765881394284628,5.349347363355968
42.935768198120236,724.3388171287412,65.71503845357647,11.395886752287234,4.762922181292843
34.479232805257446,578.3869170064091,91.01384601612543,8.81202890995768,4.337649528286921
38.35115477042054,274.16066655980586,70.85637521786857,13.95124392871249,5.386278295328196
28.446397424032597,79.4193689889866,79.86781691271787,10.793685922435403,4.665253939043512
28.845780376173416,85.65824959643054,71.37096371710066,14.020783304352346,5.233593287983412
25.81737232532958,894.1908746641183,65.35313451998772,6.046427712012078,3.1763922181952147
28.37870126144329,191.8673247187429,85.18230787566947,13.817384676386595,5.276399316944042
30.57180678063917,323.37156211552076,62.17328139291615,13.750387599871237,5.0373286853538195
28.540209685534936,226.656402226988,89.945809365048,12.580954458161967,5.067031876215987
26.774050675141112,354.9963058319373,72.70347181044467,13.25874827099858,4.932911167525057
27.412717422012015,69.42384274609337,60.005387720179414,13.784949441838886,5.042004881443447
34.21557536065451,519.0597909082703,80.44516556948919,12.678495635453476,5.022131825799296
29.12667436811585,67.6125635922149,61.87407634110413,15.792788162641362,5.507546904073439
32.28539722096151,800.3565078223616,71.04678231283597,8.682501201075743,3.9662457879595627
35.068345417097134,233.71208191043303,88.27905949822865,14.060171967039704,5.513117136470579
38.80789657258731,540.0119146045106,62.50758486487464,11.105179516219026,4.639112296938017
25.78624279682198,880.0790875614582,93.5735396942401,5.550525288887293,3.364251132412648
40.98820797818085,650.8773690471942,60.152796906343326,11.095336436447283,4.625937716166715
37.558007789818156,532.9577865513353,69.87295476807608,11.220673195899677,4.706189274775434
26.635180638977438,324.3337531153756,89.63616224608286,10.063185896689891,4.47177999716607
42.47157248213554,333.00191305819794,72.65080598917227,15.023116161027394,5.702191411409446
43.417448010636264,669.4869551981901,64.07569552264054,11.391558943188972,4.780127610061467
26.221559197097275,994.1393612211675,74.40935675201712,6.825509344638356,3.393300231083905
30.537552962944076,661.8391898493786,70.81573145538103,9.258654897575529,4.089128995165711
41.12402559586123,557.783417370025,93.7084760864222,8.96658862767352,4.576513784943308
39.96519380767317,730.650510239246,72.53391670340572,10.593980698227949,4.59097014158345
28.690420387127546,465.20561228371815,91.55729887104029,8.23108562921377,4.121658799704986
29.186986466734204,60.14234260078521,95.6748857924294,13.168921299494885,5.325337828918046
32.40944205582764,562.2968158779098,77.35269678306118,9.154808641690169,4.222215463268999
34.69045970382042,957.6252845053803,96.39772575417568,8.669242599937432,4.216727616026422
37.36509543060592,175.30294235765965,75.09272215852772,15.23811452705977,5.699921431249921
32.378272791395446,690.0048908206658,98.56313665960433,8.542950566693392,4.260054616182737
34.25069432266296,200.9336886590565,63.57158098102292,15.587741438050626,5.563408674345969
39.94941876267513,535.8276844730813,87.4807706601297,10.286954265264145,4.756552373694447
25.733664057811957,96.67644964671962,79.75256161827716,13.870479387519913,5.202026179331177
30.048738886880415,450.3709362581851,75.50595221822589,11.427393999167588,4.641657158571394
39.26699171769105,756.1633288952461,85.30847514994403,9.661328698797426,4.503826944360794
42.904136753743984,347.5715242389821,88.15428366537324,14.232563533375526,5.704534489230588
35.233548842313326,664.9117244872181,60.17453078601236,11.63249762865904,4.57835241369719
35.64226970530631,795.4499607897292,66.67812354988794,9.868290163649549,4.248958296250862
27.14344022679552,927.1778194794526,88.52184202537275,4.758810733882907,3.171838885135211
33.948247336469095,234.64208185545354,86.65541654312825,11.903835903096786,5.036118944056655
35.65234532910046,399.31591580930814,98.6419002051471,11.02895016916451,4.959443648117262
29.849410072694592,152.41601333041743,90.44151161003131,12.933897895855097,5.206312951829225
30.38486461898762,992.4835021583752,98.03090830925352,4.674566596874913,3.3082354816978454
32.54568326209245,927.0009679242953,88.10162006139228,9.496069920565539,4.255617562371716
25.401423955554527,539.9571302805596,71.92208834557772,11.648803470396754,4.493435748267322
31.441583311663564,842.0332943764213,64.21459689003426,9.428112118279028,4.008436240908832
29.22896013993089,520.9579772720422,91.27295453379742,9.848200533209244,4.43393942470921
31.54994704355829,623.5856880027598,85.76596885903663,9.296800728351933,4.2878841821921645
27.395242636385024,89.12443211601662,61.92744049573185,13.526143174629242,5.0011295755827705
42.8105456147979,755.2704204968079,74.40201863603913,10.452481696518191,4.645482543450052
36.87184907108097,127.71348363523482,98.27199261937145,13.747066928622015,5.639715994312129
38.58204638288979,826.0676302525284,80.01604582840805,7.778741657024522,4.028614943543108
40.783424772146766,782.0280876703858,77.30916544078818,10.106504416500014,4.541950346715545
34.96884397858115,708.7446977429764,78.30798420637176,9.45564543634259,4.299900993678154
26.738405761748474,36.16038052476212,68.35530896020654,12.593752641324002,4.883038015462421
35.742130836370954,303.1283559453286,74.74828683459181,12.266229500292791,5.00877282777199
36.736822360417584,263.11256991084286,74.79253023948706,13.150286078567369,5.227894871514864
39.908789483686604,360.1364074715191,62.09420080749889,15.690941095235486,5.65270419070933
33.63319092459359,87.64274676383855,90.70270514071673,14.356258804338443,5.617684677608755
27.551606055911275,936.9578230310627,76.66017727615517,5.642039709553201,3.2365683429134595
30.67551811597449,553.8022407123763,92.88719547265694,10.092320764002718,4.523378682257499
32.2616459279727,305.5243106580235,94.01392004479581,10.17920303491438,4.692572877294915
37.91834482663202,396.98151707428343,68.47976218794632,14.033052187091332,5.318492417960449
36.41556609337824,447.20254050483567,86.29413928680515,11.006415991008566,4.832148293295664
32.12193451795692,600.5943333606173,78.89127216651927,10.011677678204759,4.386180821428777
44.730304975859596,515.6794276964978,95.20626951685941,12.807684347230389,5.470315722908422
37.11549638713774,919.3919732144174,68.62962716705816,7.380078853804031,3.7595581592112013
29.74453583471989,496.96348290583023,87.11252801240177,8.840891851186665,4.213876188901735
27.035649452408073,992.1580148233127,84.3100848901089,5.5079102448510175,3.250746577704577
28.057182783686642,851.4249577450958,71.8120591028733,9.003238167957283,3.9076849938980036
29.919154567690164,208.5105143573358,65.46403614604691,12.129666550484945,4.775067484574468
28.213627465191113,930.5952146439163,86.06559041909107,3.805438459606481,2.98305982434961
28.731340481026116,116.36639788547609,89.54389832529323,12.588475899965665,5.113602456598554
30.70190337387694,817.4497084911916,72.625093750534,9.06511684931992,4.010543911693649
28.467471905895096,380.6232934765801,85.79330416089255,12.281706822588973,4.90217935828936
42.935308492528506,877.9743204450696,75.80523630446012,8.875019278234458,4.298184511319206
26.604674913232845,868.0566901074503,88.52827533130471,6.4102670950471,3.511835044023541
35.49022779140509,805.9254001176212,67.96861099576212,10.566894318495283,4.393440736186162
33.20793653979323,790.0304363070613,95.60860010544698,6.014537189350927,3.706387614436454
44.647572338172125,304.67913909804076,71.49638385862319,13.95693559968216,5.545316183675923
27.240778043361047,80.91928305125218,74.71143951024612,14.07639101520606,5.2382851140505595
32.95711198091483,402.98017876516144,62.32367808321399,13.064046824712822,4.931738985772426
44.389408665507375,173.52451498650868,64.46048849285106,15.20570180213538,5.770460064664175
42.310142517879605,694.9510889024617,80.63447610849312,10.520325597207044,4.732493150430225
41.341441418985596,346.09972653778556,70.70370706911886,11.168662451107053,4.87720714719111
30.158056540898798,975.6102008599149,93.41920902968778,5.484876314210299,3.42503274285834
28.417751747801315,640.972077345332,60.587735546198154,10.706475526218062,4.229645175210296
38.372864398488616,822.4805636343609,75.16376194687744,8.284417087145194,4.077223285804773
43.587519782551716,132.52467274184843,73.49382187076371,15.554598120022831,5.926123487961807
36.1352578602786,862.0144822726226,60.77310523670404,9.848332324019946,4.172108428629225
36.432253789398,922.7571905133943,64.97473596002041,8.39852693176182,3.9075884682715585
30.599581873205683,487.0619188189359,76.54570699674541,11.118632895392496,4.589948010221726
40.38985866383874,606.2529377509775,79.71458337789787,10.048297803473323,4.6144405446330605
28.74087497115047,764.8098009029954,76.17158989019477,8.315235815108307,3.866101890812323
31.473584728084873,174.83862726041255,81.23750713648376,13.926461962051919,5.346045215801263
33.50872877232834,502.5660764634424,83.80526699622726,10.967228452128932,4.701698877883219
35.1522075736891,398.6630277723131,60.396952845113425,12.42258177484458,4.842978069227042
29.848194648301604,146.37399216224912,78.56380637814016,13.706817505881984,5.24450502894874
27.29673649478407,367.5344222915314,98.53996963550352,11.122944309903279,4.772689938283464
37.21240084883265,68.17230938549356,80.76129120518195,12.832103787939394,5.31428716795515
30.772611064805115,25.811906949486985,87.10169069835813,15.29020760221871,5.718821552332461
36.624764428452245,135.16628915482275,72.47455431667532,14.35365896366085,5.493654695376753
28.087254305484045,963.1151115891738,90.9596551261105,6.5430568008794,3.563230478743901
34.62280203709635,549.5295358950169,90.9168592750446,11.409903917184424,4.871530414793829
35.651788651031715,965.8221611532199,80.85184190616556,6.1373715563593025,3.5766103707990524
26.03647073644854,432.497878330132,99.04055293116855,9.002924812746794,4.2949395796766545
31.732085563878414,311.8161330852596,65.02200859050613,12.773672077582322,4.905262272848261
27.688293538779483,506.1418628402441,60.67790659558324,10.455811471027996,4.2153802470336
26.267499409455354,439.51168863291014,90.80632847028383,11.830626572393978,4.781338908374309
44.7992046477989,105.66468426174391,92.28622149459531,14.05950391508536,5.857276445101099
31.44707689949446,640.8263146902062,64.80828916482305,9.851077472689667,4.179591859696937
41.1974889170927,216.0381825095996,70.62331331834424,14.888616575660091,5.668675887156032
30.092813095275275,619.5879548978296,60.70209453466516,9.417179679441048,4.025034839752887
38.63005444447859,650.2010923981534,71.73234443122259,10.451699860834811,4.55196439507637
40.20455719779373,152.02485312864812,90.92567495674686,14.379517552118894,5.769668805882426
36.91277481215688,61.34962711066816,80.71842110850315,14.569954500765812,5.6563674055100055
34.43152377100317,780.7615860684398,73.92382372673153,9.096112118736338,4.14137564463329
33.23681828294537,459.80042376932016,74.86957179625321,11.037204101537851,4.6363736441189545
31.977365330859904,58.16379550547579,60.05414502861873,13.854795915047678,5.1796466136958905
43.59058288495652,994.8663171697672,71.99202110260944,8.993931565045411,4.254115152176141
41.61238815575459,57.78056099636664,85.85834966551722,16.993257679091,6.316044900124444
44.300538213330256,695.0352288585532,98.96777775265429,9.82579549788193,4.828636779106094
27.485944469710894,983.6789252634136,93.88243307935598,5.960024397537748,3.4519921964082276
39.617349504072884,239.1801042159256,60.94379858582116,15.486173932587143,5.641051817795166
43.76680913642076,142.24936868719618,95.94242418699358,13.047570440976545,5.649975620137306
28.6246613233132,121.3849394224289,91.32793653194504,14.599997674950506,5.528966118946723
26.32992534733555,303.2751475675955,91.21504494283921,11.374966410420344,4.750411731516147
39.82241298580118,101.04581101064669,78.31983036014286,16.686188451292935,6.115400407086587
36.48946226359824,692.1613416941319,75.92021171818011,9.312401156645738,4.2935438306868505
41.83657553516544,62.291798130062695,72.11662915332771,17.73428514407079,6.330857565009711
27.79544753252579,509.4221281497897,62.62779435817463,11.903842454830828,4.525959219133667
40.905346237197804,996.6968538529768,69.12941453974797,9.031636076504883,4.162481621324408
29.032546400954892,813.9702695060188,69.86414539912099,8.712960596463535,3.870491671906337
28.27311885731409,615.2194382310109,79.36308278840806,9.254335999534751,4.1335113427887915
28.285315958619858,306.2536207866117,89.89777626386775,12.649851794021973,5.041864888052544
41.29149440462764,623.8958362916385,78.95239313591787,11.15655285127436,4.844855021617715
38.303944413924,527.0414639116516,62.313777977886424,10.297383015896193,4.4677003521554655
35.46130849538238,426.08338389037146,98.31159203952816,9.813923884639504,4.697461364646975
32.17660968247005,130.71037674019948,97.70897276376449,12.744215757593839,5.310240580204554
42.544010816262166,886.6042152404667,91.40758172593634,8.752067472896464,4.415991906965286
32.84890214845271,449.7846488213225,99.65311606256881,10.304346775215407,4.731558112000011
41.33198878943154,194.62251182076506,81.77929331201051,15.532864684358803,5.92114857378878
33.78269817140437,367.7593508772896,98.51073401012825,9.23521040900517,4.563395834007913
32.53888858849815,414.12975252892704,63.02420162467003,12.584006465660021,4.827402511668086
34.25359571339213,827.5378955668743,74.62722993045486,6.940787599162163,3.6940081494584267
31.02755748328284,733.6143805614021,69.01525072027063,10.163341612973362,4.236091572138172
39.95218760352502,769.3048936413398,67.8333233653708,10.153698480581742,4.4401078500051705
35.054407801849585,11.031264428647214,65.63211795570705,16.25628289503154,5.814579855640009
29.644253902936345,416.1539981797615,84.89654566263987,10.119368239192509,4.4771281066693405
42.991491465491364,481.3441516353236,91.2528742298922,13.025046982939516,5.442779256335471
32.67782442746423,19.192276823056687,83.13193597681442,15.652928581929384,5.803851600538868
35.871057222279774,259.8132087450342,65.87850838352838,14.515640080548767,5.390635304226299
43.12944221929094,760.289823122135,92.44495079733883,9.34144969460745,4.609989015347589
37.48475991827984,137.10970572899905,85.43818828654913,14.709241415329265,5.71599004151502
27.337960814167282,535.3101314525917,75.52662824507982,9.514850265838,4.15489926420571
43.796642472269504,215.20187201723752,86.96521182144252,15.041277188483026,5.930539511383143
37.55416106142836,12.120774643893274,70.39619916971331,17.539204066058513,6.183362682648415
31.698112293141723,241.20145759954147,73.80768833976842,14.254387957371442,5.31662481145384
27.785441453267744,975.8737549100538,96.69943372527962,4.962688779040308,3.291604068881798
40.88050378540592,801.5371118829896,71.62018022685682,10.273771865115055,4.513234428958938
37.40145511857027,959.5766443210334,78.79953072631747,6.578443379585645,3.692291158534717
35.66922183952643,487.85404392636246,95.60564549584058,11.169582305715918,4.922231066358732
42.87785166101915,109.73619867750351,88.3088540107011,15.302613322229753,6.014540868268458
40.77194422449061,547.9594889736929,62.488129046588114,10.51473460328776,4.568714965370711
28.033497594655024,454.3773345599609,65.89212177115881,10.27261110240861,4.260563441830357
31.234441355910967,844.357082739616,60.313663630876675,8.694454222504788,3.816380122967563
29.969782796289316,98.08258078424458,85.23687160916654,13.249009961681608,5.242152028817812
39.87892585145354,488.2411370217782,77.90693701641673,10.774718219760556,4.775568631445359
25.670648694715588,150.04866469398425,65.37099403609102,14.00051755336163,5.061230851218247
36.39779369742633,324.67592689006,98.31736484227082,12.10593319539765,5.220832552879299
40.24917371481381,737.3570773877997,81.18638895782479,9.677455646805502,4.498890704569388
42.53531273523499,476.01812936876655,69.67573176451558,12.056514404893925,5.0235710779925435
31.841634974318147,375.8882851457693,80.0241428461883,12.861389899859171,5.050046603707681
41.42514609344026,394.47627857003533,87.18481330940432,14.111373750270626,5.613386170149601
27.212634739104146,459.44676840598663,63.04956871894258,10.953902101650938,4.345025903373927
41.92904583469036,785.0165438370569,70.98815260191569,9.589778602215784,4.40398582062944
27.54977324663965,892.0846889402344,92.27861963535975,7.046571961718891,3.6915608175339134
32.945745811207345,955.3346865039283,78.38659481610645,7.033452884761147,3.6650120416031133
40.94590731559107,786.9033862552951,81.86308568129179,9.385730303100743,4.445609153136317
27.998348546975475,315.40689574801274,77.31264008837877,12.710567806958688,4.917034266197682
29.58502790465283,688.1347060865421,61.755997705720205,8.047969727072699,3.7211107655580986
39.445051367861325,437.6031240553919,66.62999119280624,14.219383936912582,5.360706785252816
39.40073073092149,254.67062204605116,77.82166554967563,13.87231995818773,5.475231397319841
37.82295265770595,840.8715794259226,68.36741861631711,8.981917608139296,4.127105845121016
38.878968889342005,38.426348962324994,61.99916114638715,16.168873263481636,5.84924891569816
35.854488866951925,901.7619921354235,93.74598656207294,7.363572753867714,3.981686330080853
30.035981178139053,461.4774646247342,99.24770116656464,8.218911662605656,4.232603868968499
31.913919870078388,637.2014768082804,91.72571495986958,10.64071104940292,4.620280685378005
28.631954336028514,659.3539222057827,94.15139686818668,8.494758931538444,4.121154998843983
43.169011226672566,895.1177407065363,69.67908521268181,9.978387291361702,4.456815506010031
36.66783589532241,636.6696821672073,98.42507902052799,10.337078669648673,4.750362384546514
33.0170283352728,613.9335847600618,67.87702817813714,9.635560855685085,4.218751755731456
34.24011607288266,66.65204056068997,98.05719241447329,14.146209882571963,5.673396102329799
43.94566679223631,518.408021945204,99.79277175863804,10.868936160676029,5.106939077541648
28.067028062321604,150.16900081704165,88.46891222984195,13.590016524666655,5.272367556525295
36.724596640335946,737.4337687214855,99.24574927167288,6.417966563133289,3.935916810503527
35.11777357768932,512.2219208126745,82.78159118268414,10.878183603445846,4.711625977210863
37.22908470869296,680.2277792083534,70.38167132704362,9.903763709240184,4.380434545861149
25.36220367641681,41.67290060238427,77.47983542662483,14.268352415653856,5.271216972742903
42.44247817888303,84.79201604580322,83.74243741515144,15.697683569710168,6.046548714326186
43.64236564967224,716.3233880626823,62.9232624810806,10.652707754583155,4.607946327393842
36.30266367178418,72.08433599867337,84.89373058468985,13.822784559214178,5.528529738756653
38.93301647753785,71.2567277652586,99.24711347049178,14.028887113100554,5.782004294634909
43.449987623545915,12.10847523488745,67.60430599134911,15.840273186063747,5.96895398524448
39.14477268626797,956.5013982994801,91.70380465153534,8.302154998831675,4.2126325768048645
28.050780858285226,737.5083594590069,96.31595175118477,7.281022039315486,3.8536808839067582
36.525767203336265,353.2514085020642,97.74806371280883,8.762689391421754,4.538387899298357
37.13430092765712,296.53558128765525,98.40542417621789,11.788738195584912,5.188679472483185
33.48261342604772,349.70322974584957,80.85838554885888,11.138824674872012,4.767015447641892
39.728884712494455,774.6535311811818,99.09231631966014,6.984346284605927,4.11088201017017
43.687340295380295,661.3706110704144,90.29240828537755,9.19946889439087,4.614140464983671
43.51137025813553,185.19556786746793,66.46685744947848,15.525865487395565,5.827059071538435
34.016787428082644,174.10933533408434,79.0760042587188,15.063980424009534,5.61834886638561
27.264760916815106,98.39564971339732,88.73324701488016,13.361128235431606,5.229083641186956
44.69682397924669,660.3027197013381,69.89361263276334,10.98001310004499,4.79293508191651
41.77796172891868,764.3726622217359,85.6246073419555,10.073047937769283,4.651333601036603
27.493253624065336,265.046428325004,86.66401916186477,11.386527739975579,4.752751762509461
43.416837652347446,20.94496103091281,66.50798975234264,16.022460973254116,5.990031886722918
42.39792724124257,82.17166747642734,82.60341249811026,14.145844635999193,5.724680493462677
35.376761142521445,967.8600348450304,90.8650764391443,5.207248429633395,3.482752226085668
36.82550871489859,295.44477747742025,79.95582658143768,12.667787790337139,5.1724011394782
32.980054077402606,769.2231478381336,60.4841246710443,9.93766856295116,4.14216710617789
26.095232776440625,624.6635688542638,60.36153876317169,10.019418774165292,4.036109767110526
31.70394483291802,381.9396396528959,74.28117375880049,11.618930646839612,4.738124576750637
41.05706897196023,205.68726219555512,97.04776273727128,12.48321598151044,5.452329712067544
25.092640460092056,121.38641815940643,69.14707118414435,14.190918142413546,5.133508425022783
31.669983433822885,615.0129680388666,85.37454755486749,8.294434970057853,4.090046851624095
32.96337387181887,774.6337806377879,68.88303482773283,10.090410791972793,4.254106715084062
35.74791205875846,643.9042535411306,72.86679958638194,9.492958420476148,4.2991436920703165
43.39711232825521,530.3021332491583,93.92168358405937,10.516716996841355,4.9587643024438375
31.926919887319226,41.951223431636265,89.15445769079787,12.571112523869646,5.2190865093795535
31.939064037924553,968.4887775943838,63.81597109252843,7.392576762283818,3.559695217330333
39.75002496219497,798.7141916545746,77.14808083945735,10.498197878731911,4.5851353564961945
34.044358817796144,292.82203670096476,61.16679054581058,14.200035325681247,5.219699485176669
29.49209645879964,979.9703293588507,79.23560586412036,7.715930759007169,3.710348586627888
34.04879032265387,601.8815896363221,86.49736046804273,10.468076644159687,4.603104846046837
27.817140407595996,582.4226582072465,64.74010494392606,9.338000507526875,4.005277738259233
28.527739730124466,748.0731794295322,71.55539755636663,8.53018423003279,3.8640827827816473
34.9673554547896,811.7697880901376,75.91346502008628,8.126051969731874,3.968788370735712
33.37850899009096,656.4786073315026,96.78124098624198,10.245105074885833,4.622083215649351
43.296918021362,128.09574636620002,99.73020061691855,12.9875655143616,5.669296679050437
32.24787798233266,338.2675059944984,61.79645195982464,13.967480401321811,5.114598425005458
36.61176700556087,928.0836403260497,90.44031693981569,8.339680941176892,4.153011843647698
37.64528575839061,224.61561184385192,74.86896265609373,15.80668146516746,5.798957104575043
25.261889131766672,372.16702383751334,75.6983274491792,10.859487540023435,4.436823090387407
38.27074744033421,432.076882944196,90.17059893388091,12.339666842172655,5.191848038044351
28.560719337395028,439.4049896944522,96.73705728581635,12.356845375179812,5.005556354788616
44.2214063493891,612.9395824945256,98.03714378010193,9.883553236031695,4.861662817093665
27.973254555062258,943.0758377447077,83.08490344153283,5.122898425040808,3.2055030027572253
33.29248247454048,240.69271183250495,74.28484637202011,11.475303849776049,4.807236693280461
26.706993361572877,121.50137630091807,91.50196343435117,13.370442050125172,5.2348893212490735
44.93748503691894,197.47048985993732,70.04005533049201,13.42758131096759,5.4753032305143545
35.043900206624855,886.9249002092695,82.56296115334071,7.609401712515868,3.9038813993251194
36.90770034640087,645.8108126552061,74.34313846099492,10.98259380431567,4.641226029417423
26.34152954776855,285.9067892391601,86.26524294831505,11.745642621233108,4.782298006276091
39.99920940798356,815.9469389686172,69.61595651574028,10.216976655606246,4.453155565298777
29.198111861911716,861.369996363436,67.66371782939304,8.45191741685312,3.781623571528885
42.96108578881427,846.514338690278,96.72956346701748,9.825603225098007,4.710798774722836
29.102792809640142,918.9265336395545,64.07214731798148,6.984999121402511,3.4268232970551384
28.81375441327333,252.2410201733616,80.23831630939726,11.750811414277512,4.800806652625237
25.730993356961896,755.0419287462782,68.83411131852036,7.8330187616683595,3.6219339213013733
34.44133890219999,460.53949727414,61.5571985330267,13.200976575282153,4.967026312934241
36.29682266525233,841.9985528900615,61.44075273165706,10.447991248521998,4.310923745161506
26.31417278856705,728.4906771616132,67.00887088423309,9.430557092441994,3.948972348968828
40.51055233390021,776.4474464997246,94.67081418024,10.099639665948155,4.709331457073547
34.065776694960554,656.1618376810715,71.29914975908106,9.09560014661626,4.1553569859106085
35.4878053865516,177.42876946970688,98.01836682301183,14.605412261029082,5.752977552698393
33.81525493876456,545.0269188969384,83.26489171956774,12.057609277210112,4.905356633486804
33.01526121750652,984.6697395245083,77.46456759075065,7.94686704761293,3.8285479812754586
36.192806626164355,937.3880664971189,83.20355338677818,9.465653502594922,4.291223980068192
28.10480491861425,43.17373579701167,80.66793540905071,12.337166725727307,4.987568132801134
28.63856260990542,164.81481572943713,90.351050150293,12.07610834357585,4.9974088717838665
42.235712420270346,131.72877345456192,71.29984263891409,14.714159710168289,5.701267381968003
43.922309242672654,725.9799099852955,74.1220156640121,11.478216369795092,4.88845150691451
32.46618632559506,817.785329856945,95.76377210133003,6.515330375547199,3.777710508645434
30.414893462871078,213.51136631067192,97.85826052601621,12.806278408095828,5.245220970389707
37.87999086478031,505.852692951829,95.70232909945898,12.08419704918277,5.1564013861347
33.17468342196193,840.7030280112,76.77791975829254,9.111644698715203,4.116368695092496
25.507727113206897,732.8015447662506,91.21462012027527,7.921534913102561,3.8665334708601438
28.12305194732381,542.2372054918483,79.05342933204395,9.096323782241123,4.124103518202344
39.31944457694795,590.347690458773,79.9015940858441,10.153621155146,4.615906654704779
38.17847883820303,508.36054691628,68.18720436229135,13.35479177243622,5.142126629136925
25.541919850069668,297.5484513188206,83.64521213034067,12.281731168846095,4.8378688906469085
29.43944323865899,565.0219928590161,67.44543591013392,10.601265930882711,4.334124272339409
29.62149593176143,688.8853020500907,73.26258796268775,8.962458151510369,4.019722283334712
38.437854871974565,873.3229158608077,94.20120806479741,5.890090981399238,3.7700853372548373
25.394210755087283,636.2913539792481,68.2830323684342,8.471970421670338,3.7829573460589807
27.082171639691477,761.121537043158,62.84633140693731,10.929990817210571,4.214149325326203
40.99832170746379,160.071634954573,62.76030370451265,14.220754769030972,5.47368170126355
28.570893241086672,461.5574744197899,97.63138082012432,10.043958173786946,4.543325677458969
38.054922157037495,9.331619827093295,80.2768175184734,16.485540797499283,6.085571662836728
29.76365562093453,246.678864521623,76.37648287268073,11.52446094670283,4.7438405184030215
26.988827855186905,726.4617151130049,92.43514324031673,7.9899189344836365,3.9334600574895524
29.86344381998908,991.8099513493635,93.43303711642065,6.915397329293404,3.6971353958028583
39.44533863711318,99.17809958721591,73.28764132462419,15.288133095431895,5.776410597062677
42.11392936212572,401.49431586128827,87.74472229895181,15.322883937283958,5.876388447517064
41.604397291339836,800.0709686991595,90.84491263407546,7.381115034785536,4.146358075393034
32.943670592369095,204.03563462889883,86.18602747463818,14.070382550205071,5.450857966337432
38.36170273141292,555.0849493022862,66.06380299200397,11.686732846354598,4.77335489048678
29.09968590831642,733.0712960296748,95.03532334068228,8.647545928563133,4.143225734323806
30.862954605220267,615.985450260179,81.56378210944035,10.138788996772227,4.399438260080505
42.9267163704224,188.02473461541612,71.29889705480015,14.348907037677355,5.623655109868288
25.26003847021472,355.3845686857394,77.00912741750776,11.566668088523803,4.598032064631126
26.71017061708936,783.7917844853972,61.502843615956294,7.001842565971444,3.396344671604016
29.157725102920544,554.2265141320166,65.11467204889671,11.41262879742089,4.470082726996273
25.530644077476396,5.229613542912737,90.62187002063443,13.788905345912669,5.325704669986099
28.628708701795947,760.9907600280939,60.00046539021464,9.986155863123134,4.037185948762231
36.66083121939384,35.31135494023907,76.66263313929169,16.341795574927914,5.9740425161066435
33.42849101184996,745.7337827312322,80.90040724342353,9.368148137610673,4.253480953171976
42.8534342215395,202.48056016523742,62.185376800038895,15.561388205059172,5.767328474706155
41.34887123476882,958.0734801193802,98.92312651889331,6.470052044611259,3.975082934167422
31.83634703395752,367.9407513020845,69.04501324998688,11.712364207509832,4.713491696363897
30.188468668625852,326.9316163380791,72.16794878545123,13.585500490435239,5.0929071247906
32.59384816334534,148.88805033244466,72.1577004902011,15.548607758137807,5.619183388643574
36.80589885029615,305.60421549021487,69.216666484694,13.272930377567064,5.181464424271967
30.361272816457525,876.6507618282005,60.058952883452456,8.67320174642995,3.7739626666171295
37.48297815698268,996.3343376272474,89.17379176351986,6.163978714650184,3.7005573575958866
33.18823304382481,368.3095305068483,98.67381999197141,12.275177566873065,5.1573439602310325
36.0409436170396,448.61063095454256,68.9717393314018,12.9528580435301,5.037909283681252
33.722530582706334,722.070938202737,86.5218876721369,10.885259217159767,4.6302281400225915
30.889315190838353,886.1957804650746,89.67585307834861,6.255035848082835,3.596409583175821
43.96906613924313,593.0443341867841,93.937015163621,10.457074606015636,4.936763058784945
40.27211588319521,391.5256981778293,76.90516788054437,13.086635849059146,5.2768435823092155
27.802263515329052,412.6218408486237,72.11723622561718,12.075924621495409,4.694167401614359
42.36935951795826,695.6181464968068,73.01180536092124,10.653120064586842,4.684098155394772
34.74862396499027,3.2182636042786816,88.50485332394051,13.845885010313879,5.556402452950216
42.891044537881825,619.5893374598406,92.67117866022545,11.438059240779392,5.081655057759124
40.99710511894631,355.4930104413574,67.26455871026411,14.433615957775073,5.483096307573717
33.50427008938467,794.1973312770842,74.8376403263106,8.008777643630232,3.9035640218023198
25.44938616640235,92.99063982313216,96.077607869966,13.861563628990421,5.357576588894952
30.37354718769892,588.2022669483905,92.26774078778956,10.496019196743873,4.576312567327486
35.83268429321734,480.97288988612377,99.39433611049904,10.616718687819931,4.856547734338178
37.669564396522944,642.3255259052274,90.16993038728323,9.952844863352809,4.614746740490899
30.157753708664046,64.85359448296835,75.72780804111689,14.867769058236002,5.488992050690446
27.78712148145648,579.9837874281313,83.62551335978551,8.651605540104192,4.057047885165309
41.69860473598598,561.4845879595238,86.44057016989281,11.21995883531157,4.967967356713068
44.68804361407104,560.660094416171,63.138232652684955,10.567989301115727,4.682605282949374
35.51380364605372,603.4876665964548,81.7798783641546,11.221216832050011,4.744005978210363
28.43358571696607,676.4679372263622,88.37283313890438,7.020151908837953,3.7564447669072067
30.44614653038738,804.9889996807698,66.69285216004242,10.382402806627205,4.2130132928436295
25.367813530949334,269.82072012821436,91.22526869702229,10.99418833387064,4.662725217497749
43.28597613120998,825.0494101800621,83.35091122056447,9.214709311345299,4.471866589814139
27.355021657802823,498.25568226345365,98.08887142790378,8.764379663349013,4.245692937146333
36.53032951028507,77.05827913433116,61.69689192827567,15.394289837823699,5.614792142461176
30.48110441374412,58.5509292439792,70.61304550221868,16.077204165734564,5.690659631228855
36.08356005031587,334.2383186960608,84.06215517199297,9.965204241334689,4.638139633816656
38.02840776703729,784.8969771114675,71.86239648823722,10.96807867682906,4.587019511346567
41.594836074144034,707.6809347409157,88.57696656284969,10.23910800392918,4.731984630445713
29.128425435212066,788.6149646724065,90.36021130087724,6.4614591219451185,3.6377870128443472
25.21991657316961,517.2690564416093,64.10063856265897,9.607893216065293,4.011395237165415
27.737712601376145,440.19899795549054,80.55417856827071,12.45561762731588,4.841766239599467
43.0003728369621,147.45252670628395,80.35562222364223,14.017136535660336,5.666012212446991
42.47780155125031,328.1927536093115,74.77123080862164,12.579882106248503,5.236834468224701
36.94826204340617,434.01936617387526,97.31699450278688,12.233101333043122,5.206837278295503
37.010337208673064,88.60042967961724,93.10025279492885,14.415977264143303,5.741026576331602
38.30073349092511,220.61195271121125,87.88837527638547,12.49884805686565,5.286227653816554
28.507425572468993,598.2252940637388,88.5730654293999,9.423060420120992,4.2722456855768955
43.2882389184992,735.6631142391899,78.46864575252476,9.360098785039868,4.487935180718525
33.375410497841465,998.3475113929496,96.83978084386302,7.277101524826833,3.892239781790695
32.66277056498995,933.1133313435577,87.78381709013141,8.126805927416896,3.979186058537009
35.378354105656754,642.5651995351915,89.15924246623266,10.178924971907588,4.590188545976843
25.9393193355011,421.248053294072,94.4676361514938,10.381013147579882,4.526802072436314
28.32566737512159,636.1773647082327,70.96286357368764,11.52270611353172,4.496166264313089
39.760672328527406,785.651618080232,92.28283615466812,8.871612254436252,4.416667645743551
26.65597335850253,118.33619092338732,67.80962411825968,12.67967194429942,4.859751460994191
37.06304218932776,409.90488969628825,73.81367808979552,12.927115953491557,5.123237112640273
29.90698219362642,839.8022856356172,73.4244181707937,10.28524571914766,4.232953948317509
32.78591228083953,383.832951933044,99.14101873556562,9.891835428272257,4.668677811538719
30.773874735413997,571.8722712271865,94.26148894991707,9.043349584242348,4.32265664097753
32.11345432929898,587.7693608621983,88.04679446361038,10.165565947539227,4.513423202360843
39.380918103684905,184.47625313363935,89.0822704646156,13.741881775136555,5.589312429115819
30.9424343124635,362.2354416522884,82.48291177610284,10.708759415094857,4.626190116243136
36.32809280593794,334.51128874193216,97.88362668434075,12.910957348790529,5.371753634059127
34.52100804398199,26.196708532064793,79.85035011529446,17.26047051327386,6.137665129538422
38.27342330725296,24.191763891355244,75.22070839479578,15.834372725023632,5.904513929384719
43.73659478649516,831.6970436757734,66.52141347726364,9.364676061374048,4.342621994026011
39.651441944205004,273.0708099728124,91.44822609044232,11.452234723946509,5.12663837225393
29.298807571815136,518.0787662388154,89.37775728302366,10.16031489577729,4.480378042357362
25.623662701225694,298.72557358877305,75.3742015409654,13.020202201704887,4.904507456546991
30.2452808859965,940.6792451153406,61.007736558369174,8.528780663973778,3.72593910336822
36.9015586140051,259.29675886577377,93.55989310872043,12.673414466399546,5.326003644784937
26.028516269685007,429.65681273893506,60.45671933816295,11.074059831753267,4.324257857648519
34.927324944024726,872.7302504846018,88.14799118516204,6.70987379742996,3.782473019688415
36.93685697833779,841.9335667918086,98.81028438904228,8.591191409938833,4.329925980598248
31.684877816339217,186.10141784627731,77.50645312592815,14.351822960279666,5.394795379401523
40.41824407491644,802.6433097957104,69.39893619983812,8.41336621394165,4.106479626816255
27.131965062675437,458.1868867378927,88.19484040173526,11.77043767171183,4.758192275294123
26.502755634716173,482.9688720853552,92.6851256806234,10.25639463634593,4.474014281743898
39.563775124072066,133.4799724159438,81.8572126431139,15.986547248551195,5.991147740400875
34.90982632412397,80.60151375712465,98.68141101024585,12.26816874984047,5.315862738994927
38.76804792855472,727.9393069737652,62.06674886631844,9.359489696905085,4.2093589513971175
33.696546772074925,496.46115235529976,80.19182393218112,10.91333588743024,4.662111171939687
29.928040664782138,436.85070261517956,88.738157892902,11.162435791102515,4.723257513387787
41.38204635348399,729.5082286523967,94.50561884596715,11.200859613827511,4.9693580249548
40.98831757937958,765.5128989911098,67.1702244763116,11.142062607596223,4.659605863749786
38.893929417088536,158.90816766935356,92.00013927054727,13.5533179483564,5.578343880153313
30.44290274459925,610.2251494776413,82.10828302874181,8.639563774427797,4.096420996741502
36.80461333738174,135.35408227768554,75.86214727959853,15.770614151003548,5.815522616857546
32.21947793880054,751.3750860290456,65.26860114316375,8.627201181514797,3.9152826397317924
26.831641466532684,656.9551562671395,94.6118303563565,9.862032762801302,4.3533654717468195
43.34627150924486,956.6146210834579,66.29092832718861,8.949704546475777,4.197207403374025
27.736372618379228,68.95801635642118,72.39151436836397,15.74770693755379,5.567019012729689
44.00474707641605,57.05472115125432,71.60182127849748,16.922972106094296,6.221914169530151
33.92011545915911,282.18707469320015,94.85656136763417,11.933093699729325,5.104232525683064
